{"mean": 0.5928403757932632, "std": 0.11200359035506989}