{"mean": [0.5928403757932632, 0.03840366036849489], "std": [0.11200359035506989, 0.01638564197789315]}